{"cameraMode":{"drawMode":0,"name":"Shaded","section":"Shading Mode"},"sceneLighting":true,"audioPlay":false,"sceneViewState":{"showFog":true,"showMaterialUpdate":false,"showSkybox":true,"showFlares":true,"showImageEffects":true,"showParticleSystems":true},"in2DMode":false,"pivot":{"x":118.45051574707031,"y":39.7224006652832,"z":16.398727416992189},"rotation":{"x":-0.17396171391010285,"y":0.3527427017688751,"z":-0.06698393076658249,"w":-0.9170182943344116},"size":80.74436950683594,"orthographic":false}