{"cameraMode":{"drawMode":0,"name":"Shaded","section":"Shading Mode"},"sceneLighting":true,"audioPlay":false,"sceneViewState":{"showFog":true,"showMaterialUpdate":false,"showSkybox":true,"showFlares":true,"showImageEffects":true,"showParticleSystems":true},"in2DMode":false,"pivot":{"x":2.573577404022217,"y":2.0042781829833986,"z":8.395038604736329},"rotation":{"x":-0.016335811465978624,"y":0.9805067181587219,"z":-0.17235103249549867,"w":-0.09293471276760102},"size":26.178831100463868,"orthographic":false}