{"cameraMode":{"drawMode":0,"name":"Shaded","section":"Shading Mode"},"sceneLighting":true,"audioPlay":false,"sceneViewState":{"showFog":true,"showMaterialUpdate":false,"showSkybox":true,"showFlares":true,"showImageEffects":true,"showParticleSystems":true},"in2DMode":false,"pivot":{"x":21.401748657226564,"y":12.523416519165039,"z":8.634725570678711},"rotation":{"x":-0.35408028960227969,"y":-0.4448637366294861,"z":0.1972334235906601,"w":-0.7986516356468201},"size":59.311920166015628,"orthographic":false}