{"cameraMode":{"drawMode":0,"name":"Shaded","section":"Shading Mode"},"sceneLighting":false,"audioPlay":false,"sceneViewState":{"showFog":true,"showMaterialUpdate":false,"showSkybox":true,"showFlares":true,"showImageEffects":true,"showParticleSystems":true},"in2DMode":false,"pivot":{"x":1.009807825088501,"y":1.4555636644363404,"z":-13.053606033325196},"rotation":{"x":0.0014618838904425502,"y":-0.9371536374092102,"z":-0.00392708508297801,"w":-0.34889405965805056},"size":1.530585527420044,"orthographic":false}